"Store Type","Total Sales","Percentage of Total Sales","Total Orders"
"Local",4201732.45999956,65.01415999383882,"78429"
"Mall Kiosk",706188.7100000046,10.926984574783646,"13151"
"Outlet",508411.37000000477,7.866740318794727,"9214"
"Super Store",1045395.5800000022,16.17559331585314,"19286"
"Web Portal",1067.77,0.016521796729682434,"43"
